realSum,room_type,person_capacity,business,cleanliness_rating,guest_satisfaction_overall,bedrooms
194.03369812293488,Private,2,0,10.0,93.0,1
344.2457760176224,Private,4,0,8.0,85.0,1
264.1014224451058,Private,2,1,9.0,87.0,1
433.5293979799874,Private,4,1,9.0,90.0,2
485.5529257375859,Private,2,0,10.0,98.0,1
552.808567478265,Private,3,0,8.0,100.0,2
215.12431748412348,Private,2,0,10.0,94.0,1
2771.3073840601787,Apartment,4,0,10.0,100.0,3
1001.8044196564572,Apartment,4,0,9.0,96.0,2
276.52145384669467,Private,2,0,10.0,88.0,1
909.4743748974762,Apartment,2,0,10.0,96.0,1
319.6400534295691,Private,2,0,10.0,97.0,1
675.6028402034074,Apartment,4,0,8.0,87.0,1
552.808567478265,Apartment,2,0,10.0,100.0,1
209.03147189089125,Private,2,0,8.0,96.0,1
368.8514986056758,Private,2,0,10.0,98.0,1
368.8514986056758,Private,2,0,10.0,90.0,1
337.91859020926586,Private,2,0,10.0,97.0,1
313.54720783633684,Private,2,0,10.0,96.0,1
447.5898108874465,Apartment,2,0,9.0,93.0,1
243.2451432990416,Private,2,0,10.0,96.0,1
933.8457572704052,Apartment,4,0,10.0,96.0,2
251.91573125864133,Private,2,0,10.0,97.0,1
377.2877463501512,Private,2,0,10.0,98.0,1
245.5885454502848,Private,2,0,10.0,96.0,1
217.70205985049097,Private,2,0,8.0,93.0,1
295.0343308415157,Private,2,0,10.0,95.0,1
295.0343308415157,Private,2,0,10.0,94.0,1
1032.9716682679916,Apartment,4,0,9.0,96.0,2
270.4286082534624,Private,4,0,10.0,98.0,1
524.6877416633469,Apartment,2,1,9.0,89.0,1
599.6766105031285,Apartment,4,0,9.0,94.0,3
516.0171537037471,Apartment,4,0,9.0,100.0,2
602.254352869496,Apartment,3,0,10.0,100.0,2
504.06580273240695,Apartment,4,0,9.0,94.0,2
1609.9172779040612,Apartment,6,0,10.0,96.0,3
310.9694654699693,Apartment,2,0,9.0,94.0,0
202.70428608253465,Private,2,0,10.0,94.0,1
796.2880509924308,Apartment,4,0,10.0,94.0,2
504.06580273240695,Private,2,0,9.0,96.0,1
319.6400534295691,Private,2,1,10.0,95.0,1
614.4400440559605,Private,4,1,9.0,96.0,1
467.0400487427648,Private,3,1,10.0,94.0,1
716.3780376350386,Apartment,5,0,10.0,96.0,2
350.1042813957304,Private,2,0,10.0,91.0,0
319.6400534295691,Private,2,1,10.0,97.0,1
467.0400487427648,Private,3,1,10.0,96.0,1
983.2915426616364,Apartment,3,0,10.0,100.0,2
298.78377428350484,Private,2,0,9.0,94.0,0
196.6114404893024,Private,4,0,9.0,94.0,1
430.24863496824696,Apartment,2,0,10.0,96.0,1
319.6400534295691,Private,2,1,9.0,95.0,1
405.6429123801936,Private,4,0,9.0,98.0,1
334.16914676727674,Private,2,0,10.0,97.0,1
491.8801115459424,Private,2,1,9.0,98.0,1
319.6400534295691,Private,2,1,9.0,95.0,1
780.3529163639773,Private,4,1,10.0,100.0,5
355.025425913341,Apartment,2,0,9.0,90.0,1
1044.6886790242074,Apartment,4,0,10.0,98.0,2
847.8428983197807,Apartment,4,0,10.0,98.0,3
373.7726431232864,Private,2,0,10.0,98.0,1
613.268342980339,Apartment,4,0,9.0,84.0,1
238.3239987814309,Private,2,0,10.0,98.0,1
430.24863496824696,Apartment,2,0,10.0,97.0,1
347.9952194596115,Apartment,3,1,6.0,77.0,2
330.4197033252877,Apartment,2,0,10.0,98.0,1
1179.6686429358142,Apartment,4,0,10.0,99.0,2
259.1802779274952,Private,2,0,10.0,98.0,1
277.9274951374406,Private,2,0,10.0,97.0,1
467.0400487427648,Apartment,3,0,9.0,96.0,2
583.7414758746748,Apartment,2,0,10.0,99.0,1
374.944344198908,Private,4,1,6.0,88.0,1
372.3666018325405,Private,2,0,10.0,97.0,1
479.2257399292293,Shared,2,0,10.0,96.0,1
454.8543575563003,Apartment,2,0,10.0,98.0,1
206.4537295245237,Private,2,0,9.0,95.0,1
497.7386169240504,Private,2,0,10.0,95.0,1
399.5500667869613,Apartment,2,0,10.0,97.0,1
761.8400393691562,Private,4,0,9.0,93.0,2
317.0623110632016,Private,2,0,8.0,90.0,1
319.40571321444475,Private,2,0,10.0,96.0,1
209.03147189089125,Private,2,0,10.0,97.0,1
209.03147189089125,Private,2,0,10.0,98.0,1
640.4518079347597,Apartment,2,0,9.0,96.0,1
209.03147189089125,Private,2,0,10.0,98.0,1
934.0800974855296,Private,4,0,10.0,96.0,1
210.2031729665128,Private,2,0,9.0,88.0,1
221.2171630773557,Private,2,0,9.0,94.0,1
441.2626250790898,Private,2,0,10.0,91.0,1
325.498558807677,Private,2,0,8.0,80.0,1
792.7729477655661,Apartment,4,0,10.0,97.0,2
213.95261640850188,Private,2,0,10.0,93.0,1
1557.19072950109,Apartment,4,0,9.0,98.0,2
317.0623110632016,Private,2,0,10.0,99.0,1
319.6400534295691,Apartment,2,0,10.0,95.0,1
1044.6886790242074,Apartment,2,0,10.0,98.0,1
310.9694654699693,Apartment,2,0,9.0,94.0,1
295.0343308415157,Apartment,2,0,9.0,92.0,1
344.2457760176224,Apartment,2,0,7.0,82.0,0
3004.9445785391235,Apartment,4,0,9.0,95.0,4
539.2168350010546,Apartment,2,0,10.0,98.0,1
460.9472031495325,Private,2,0,10.0,98.0,1
1376.514423640241,Apartment,4,1,10.0,93.0,2
415.4852014154149,Apartment,4,0,10.0,98.0,1
215.12431748412348,Private,2,0,10.0,95.0,1
393.4572211937291,Private,2,0,10.0,97.0,1
232.23115318819865,Private,2,0,10.0,97.0,0
774.2600707707451,Apartment,2,0,10.0,100.0,1
291.0505471844023,Private,2,0,9.0,90.0,1
604.5977550207392,Apartment,4,0,10.0,95.0,1
467.0400487427648,Apartment,2,0,10.0,97.0,1
744.4988634499567,Apartment,2,0,10.0,92.0,0
250.74403018301973,Private,2,0,10.0,94.0,1
544.1379795186652,Private,4,0,10.0,97.0,2
424.1557893750147,Apartment,2,0,10.0,97.0,1
675.6028402034074,Apartment,2,0,10.0,97.0,1
909.4743748974762,Apartment,4,0,10.0,98.0,2
264.1014224451058,Private,2,0,10.0,98.0,1
196.6114404893024,Private,2,0,10.0,97.0,1
700.442903006585,Apartment,4,0,9.0,97.0,2
307.22002202798024,Private,2,0,10.0,99.0,1
528.2028448902116,Private,4,0,10.0,93.0,1
675.6028402034074,Apartment,2,0,10.0,94.0,1
675.6028402034074,Apartment,4,0,10.0,98.0,1
515.7828134886229,Apartment,3,0,9.0,97.0,1
442.66866636983576,Apartment,2,0,10.0,100.0,1
596.1615072762637,Apartment,4,0,10.0,98.0,3
920.4883650083192,Apartment,4,0,10.0,99.0,3
718.9557800014061,Apartment,2,0,10.0,100.0,1
276.52145384669467,Private,2,0,10.0,96.0,1
988.2126871792468,Apartment,4,0,9.0,98.0,3
270.4286082534624,Private,2,0,10.0,98.0,1
798.6314531436741,Apartment,4,0,8.0,87.0,2
3637.6631593747807,Apartment,4,0,10.0,97.0,3
479.4600801443536,Apartment,3,0,9.0,92.0,1
934.0800974855296,Apartment,2,0,10.0,99.0,1
639.0457666440138,Apartment,4,0,10.0,94.0,2
1474.9373139924544,Private,5,0,10.0,99.0,2
1020.082956436154,Apartment,4,0,9.0,96.0,2
1192.088674337403,Apartment,4,0,10.0,98.0,2
798.6314531436741,Apartment,2,0,10.0,99.0,1
854.4044243432617,Apartment,4,0,10.0,98.0,3
614.4400440559605,Private,2,0,8.0,78.0,1
283.7860005155485,Private,2,0,9.0,92.0,1
870.105218756591,Apartment,4,0,10.0,98.0,3
180.20762543060016,Private,2,0,9.0,90.0,1
242.07344222342,Private,2,0,10.0,97.0,1
418.0629437817825,Private,4,0,9.0,91.0,1
281.4425983643053,Private,2,0,10.0,92.0,1
215.12431748412348,Private,2,1,10.0,93.0,1
448.5271717479437,Private,2,0,10.0,97.0,1
614.4400440559605,Apartment,2,0,10.0,98.0,1
279.09919621306216,Private,2,1,9.0,86.0,1
663.6514892320672,Apartment,2,0,8.0,80.0,1
279.09919621306216,Private,2,0,9.0,96.0,1
1044.6886790242074,Apartment,2,0,10.0,100.0,1
299.72113514400206,Private,2,0,9.0,93.0,1
405.6429123801936,Apartment,2,0,10.0,89.0,1
2556.183066576056,Apartment,6,0,10.0,99.0,3
985.6349448128794,Apartment,2,0,10.0,97.0,1
1214.116654559089,Apartment,4,0,9.0,93.0,0
305.8139807372343,Private,4,0,10.0,96.0,1
937.5952007123944,Private,4,1,9.0,92.0,1
292.45658847514824,Private,2,0,9.0,87.0,1
552.808567478265,Apartment,4,0,10.0,99.0,1
1228.880088111921,Apartment,4,0,8.0,80.0,2
251.91573125864133,Private,2,0,8.0,86.0,1
258.2429170669979,Private,2,0,9.0,91.0,1
562.8851967286106,Private,4,0,10.0,96.0,1
462.1189042251541,Apartment,2,1,10.0,90.0,0
458.369460783165,Apartment,2,0,10.0,99.0,1
184.4257493028379,Private,2,0,10.0,98.0,1
780.5872565791016,Apartment,4,0,10.0,100.0,2
228.71604996133388,Private,2,0,10.0,90.0,1
221.45150329248003,Private,2,0,10.0,100.0,1
385.9583343097509,Private,2,0,9.0,93.0,0
436.3414805614792,Apartment,3,0,9.0,90.0,1
626.3913950273006,Apartment,4,0,10.0,97.0,2
835.8915473484406,Apartment,2,0,10.0,100.0,1
833.3138049820731,Apartment,4,0,10.0,97.0,2
424.1557893750147,Apartment,2,0,10.0,96.0,1
602.254352869496,Apartment,4,0,10.0,97.0,1
1425.7258688163477,Apartment,4,0,9.0,95.0,2
737.2343167811028,Apartment,4,0,10.0,97.0,3
397.2066646357181,Apartment,3,0,9.0,91.0,1
290.1131863239051,Private,2,0,9.0,91.0,1
221.2171630773557,Private,2,0,9.0,95.0,1
245.82288566540907,Private,2,0,10.0,98.0,1
196.6114404893024,Private,2,0,8.0,87.0,1
258.0085768518736,Private,2,0,10.0,100.0,1
1413.3058374147588,Private,4,0,10.0,95.0,4
479.4600801443536,Apartment,2,0,9.0,95.0,1
920.4883650083192,Apartment,4,0,10.0,99.0,3
622.876291800436,Apartment,2,0,10.0,98.0,1
317.0623110632016,Private,2,0,10.0,95.0,1
344.2457760176224,Apartment,3,0,9.0,85.0,0
409.39235582218265,Apartment,4,0,9.0,91.0,2
282.6142994399269,Private,2,0,10.0,98.0,1
319.6400534295691,Private,2,1,9.0,94.0,1
290.1131863239051,Private,2,0,8.0,82.0,1
381.0371897921403,Private,2,0,10.0,91.0,1
276.52145384669467,Private,2,0,10.0,94.0,1
811.0514845452628,Apartment,2,0,10.0,98.0,1
1106.320155601903,Apartment,2,0,10.0,99.0,1
435.1697794858576,Apartment,2,0,10.0,93.0,1
381.0371897921403,Private,2,0,10.0,98.0,1
513.673751552504,Apartment,3,0,10.0,100.0,2
309.7977643943477,Private,2,1,10.0,93.0,1
516.0171537037471,Apartment,4,0,9.0,91.0,2
614.4400440559605,Private,4,0,10.0,92.0,1
737.2343167811028,Apartment,2,0,8.0,80.0,1
685.9138096688773,Apartment,4,0,10.0,98.0,2
823.4715159468517,Apartment,5,0,10.0,95.0,2
307.22002202798024,Apartment,2,0,9.0,94.0,1
1997.281653504558,Apartment,6,0,9.0,100.0,3
638.8114264288895,Apartment,2,0,9.0,99.0,1
1136.5500433529398,Apartment,4,0,10.0,97.0,3
405.6429123801936,Private,4,0,10.0,90.0,1
400.4874276474586,Private,2,1,10.0,94.0,0
307.22002202798024,Private,2,0,10.0,99.0,1
688.0228716049962,Private,4,0,10.0,100.0,2
648.8880556792352,Apartment,2,0,10.0,100.0,1
331.8257446160336,Apartment,2,0,10.0,98.0,0
420.4063459330256,Apartment,2,0,9.0,94.0,0
774.2600707707451,Apartment,2,0,10.0,96.0,1
1126.942094532843,Apartment,4,0,8.0,90.0,2
208.7971316757669,Private,2,0,8.0,88.0,1
522.3443395121037,Private,4,0,10.0,96.0,2
448.5271717479437,Private,2,0,9.0,95.0,1
204.1103273732805,Private,2,0,10.0,94.0,1
442.66866636983576,Private,2,0,9.0,88.0,1
325.498558807677,Private,2,0,10.0,95.0,1
1351.9087010521878,Apartment,4,0,9.0,97.0,2
583.9758160897992,Apartment,4,0,10.0,100.0,2
614.4400440559605,Apartment,4,0,9.0,98.0,3
279.09919621306216,Private,4,0,9.0,93.0,1
345.1831368781197,Private,2,0,10.0,94.0,1
245.82288566540907,Private,4,0,10.0,99.0,0
522.3443395121037,Apartment,3,0,10.0,97.0,2
303.4705785859912,Private,4,0,5.0,80.0,0
798.8657933587983,Apartment,5,1,9.0,95.0,3
654.9809012724675,Private,2,0,10.0,96.0,1
277.45881470719195,Private,2,0,10.0,98.0,1
498.910317999672,Private,4,0,10.0,96.0,2
491.64577133081815,Apartment,4,0,10.0,94.0,2
442.4343261547114,Private,2,0,10.0,96.0,1
202.70428608253465,Private,2,0,10.0,98.0,1
258.0085768518736,Shared,3,0,10.0,98.0,1
245.82288566540907,Private,2,0,10.0,96.0,1
669.7443348252995,Apartment,4,0,9.0,88.0,2
453.4483162655544,Apartment,2,1,9.0,85.0,1
706.5357485998172,Apartment,4,0,9.0,89.0,3
1038.361493215851,Apartment,4,0,9.0,99.0,2
2500.8787758067165,Apartment,4,0,9.0,100.0,1
399.5500667869613,Private,2,1,9.0,88.0,0
407.9863145314368,Private,2,1,9.0,82.0,0
407.9863145314368,Private,2,1,8.0,78.0,0
319.40571321444475,Private,2,0,9.0,96.0,1
817.1443301384951,Apartment,4,0,10.0,100.0,3
792.7729477655661,Apartment,6,0,9.0,92.0,3
274.1780516954515,Private,2,0,9.0,90.0,1
774.2600707707451,Apartment,2,0,9.0,93.0,1
221.2171630773557,Private,2,0,10.0,100.0,1
436.3414805614792,Private,2,1,9.0,90.0,0
974.6209547020364,Apartment,3,0,10.0,95.0,1
1044.6886790242074,Apartment,5,0,9.0,96.0,3
607.1754973871067,Private,4,0,10.0,96.0,1
314.4845686968341,Private,2,0,9.0,91.0,1
390.6451386122373,Private,2,0,9.0,86.0,1
449.6988728235653,Private,4,0,10.0,98.0,1
181.8480069364704,Private,2,0,10.0,87.0,1
2458.2288566540906,Apartment,5,0,10.0,100.0,3
410.32971668267993,Apartment,2,0,8.0,91.0,1
771.6823284043776,Apartment,2,0,9.0,96.0,1
415.2508612002906,Apartment,4,0,10.0,96.0,2
577.4142900663184,Apartment,2,0,9.0,97.0,1
531.9522883322007,Apartment,2,0,9.0,93.0,1
552.808567478265,Apartment,4,0,9.0,96.0,2
1651.864176411314,Apartment,4,0,10.0,100.0,3
282.8486396550512,Apartment,2,0,10.0,98.0,1
347.9952194596115,Private,4,0,10.0,100.0,2
485.5529257375859,Apartment,3,0,9.0,95.0,2
436.3414805614792,Private,2,0,10.0,98.0,1
221.2171630773557,Private,2,0,10.0,93.0,1
460.9472031495325,Apartment,2,0,10.0,98.0,1
552.808567478265,Apartment,4,0,9.0,99.0,3
368.8514986056758,Apartment,2,0,10.0,93.0,1
209.03147189089125,Private,2,0,9.0,89.0,0
568.9780423218428,Private,3,1,10.0,92.0,0
1044.6886790242074,Apartment,4,0,9.0,94.0,2
489.30236917957495,Apartment,2,0,8.0,85.0,1
239.7300400721768,Private,2,0,9.0,91.0,1
734.8909146298597,Apartment,4,1,9.0,89.0,2
274.1780516954515,Private,2,0,10.0,96.0,1
399.5500667869613,Private,2,1,10.0,95.0,1
337.91859020926586,Private,3,0,10.0,86.0,1
474.0702551964943,Apartment,4,0,10.0,100.0,2
534.7643709136926,Apartment,2,0,10.0,96.0,1
436.3414805614792,Private,2,1,9.0,92.0,0
1112.1786609800108,Apartment,4,0,9.0,97.0,2
614.4400440559605,Private,4,0,9.0,95.0,2
202.70428608253465,Private,2,0,9.0,86.0,1
430.24863496824696,Apartment,2,0,10.0,96.0,1
243.2451432990416,Private,2,0,9.0,92.0,1
277.69315492231624,Private,2,0,10.0,97.0,1
356.4314672040869,Private,2,0,10.0,99.0,1
555.3863098446325,Private,3,0,10.0,96.0,1
352.68202376209786,Apartment,2,0,9.0,96.0,1
318.2340121388232,Private,4,0,9.0,94.0,1
368.6171583905514,Apartment,2,0,9.0,98.0,1
774.2600707707451,Private,4,0,10.0,99.0,1
1029.925245471375,Apartment,4,0,9.0,95.0,1
326.6702598832986,Apartment,4,0,8.0,90.0,3
299.72113514400206,Private,2,0,10.0,100.0,1
688.0228716049962,Apartment,4,0,8.0,91.0,2
399.31572657183705,Apartment,3,0,10.0,98.0,1
362.5243127973192,Apartment,2,0,10.0,97.0,2
350.1042813957304,Private,2,0,10.0,93.0,0
1038.361493215851,Apartment,2,0,9.0,90.0,1
432.3576969043658,Private,2,0,8.0,90.0,1
337.6842499941415,Private,2,0,10.0,98.0,1
1118.2715065732432,Apartment,4,0,10.0,95.0,3
335.57518805802266,Private,2,0,9.0,92.0,0
468.2117498183864,Apartment,2,0,10.0,95.0,1
241.83910200829567,Private,2,0,9.0,90.0,1
1739.03873643756,Apartment,4,0,10.0,98.0,2
368.6171583905514,Apartment,2,0,10.0,98.0,1
346.5891781688656,Private,2,0,9.0,89.0,0
417.8286035666581,Private,4,0,10.0,96.0,2
421.34370679352287,Apartment,2,1,10.0,95.0,1
712.8629344081738,Apartment,2,0,10.0,94.0,1
308.39172310360186,Private,3,0,9.0,97.0,1
333.23178590677946,Private,2,0,9.0,88.0,0
356.1971269889626,Private,2,0,10.0,100.0,1
351.51032268647623,Private,2,0,9.0,84.0,0
264.33576266023016,Private,2,0,10.0,97.0,1
344.2457760176224,Private,2,0,10.0,98.0,1
515.7828134886229,Apartment,4,0,9.0,93.0,3
491.64577133081815,Apartment,6,0,10.0,90.0,3
501.2537201509151,Apartment,2,0,10.0,100.0,1
552.808567478265,Apartment,3,0,10.0,100.0,1
386.19267452487526,Private,2,0,10.0,96.0,1
1136.5500433529398,Apartment,4,0,9.0,95.0,2
268.0852061022192,Private,2,0,10.0,99.0,0
319.40571321444475,Private,2,0,10.0,99.0,1
1210.3672111171,Apartment,4,0,9.0,87.0,3
540.6228762918005,Apartment,4,0,9.0,89.0,2
1044.6886790242074,Apartment,2,0,10.0,100.0,1
539.6855154313032,Apartment,6,1,10.0,93.0,3
485.5529257375859,Apartment,2,0,10.0,100.0,1
178.0985634944813,Private,2,0,10.0,96.0,1
661.308087080824,Private,4,1,9.0,95.0,2
1572.8915239144192,Private,4,1,9.0,98.0,4
329.4823424647904,Private,2,1,9.0,97.0,1
436.10714034635487,Apartment,2,0,10.0,95.0,0
722.2365430131465,Apartment,4,0,9.0,96.0,1
399.5500667869613,Apartment,4,0,10.0,96.0,2
602.0200126543716,Apartment,2,0,9.0,95.0,1
319.40571321444475,Private,4,0,9.0,96.0,2
817.1443301384951,Apartment,4,0,10.0,89.0,2
439.8565837883439,Apartment,4,0,10.0,100.0,3
546.7157218850327,Apartment,3,0,10.0,100.0,2
1161.1557659409932,Apartment,6,0,9.0,87.0,4
393.4572211937291,Private,2,0,10.0,92.0,1
386.19267452487526,Private,2,0,10.0,96.0,1
540.6228762918005,Apartment,2,0,10.0,100.0,1
614.4400440559605,Apartment,4,0,10.0,99.0,2
196.6114404893024,Private,2,0,9.0,84.0,1
784.1023598059663,Apartment,5,0,8.0,95.0,2
675.6028402034074,Private,4,0,10.0,97.0,1
259.4146181426195,Private,3,0,9.0,92.0,1
467.0400487427648,Private,2,0,10.0,100.0,1
442.66866636983576,Private,2,0,9.0,88.0,1
436.10714034635487,Private,2,0,9.0,94.0,1
473.132894335997,Private,2,0,10.0,99.0,1
371.1949007569189,Apartment,2,0,7.0,74.0,1
298.78377428350484,Apartment,2,0,9.0,89.0,1
143.65055187120663,Private,2,0,8.0,81.0,1
917.9106226419516,Apartment,4,0,10.0,96.0,2
165.67853209289248,Private,2,0,10.0,98.0,1
968.29376889368,Apartment,6,1,10.0,95.0,3
548.1217631757786,Apartment,3,0,10.0,97.0,2
636.7023644927707,Apartment,2,0,10.0,100.0,1
642.5608698708786,Apartment,4,0,10.0,98.0,2
344.2457760176224,Private,2,0,10.0,98.0,1
373.7726431232864,Private,2,0,10.0,98.0,1
737.2343167811028,Apartment,2,0,8.0,92.0,1
194.03369812293488,Private,2,0,10.0,96.0,1
2061.959552878869,Apartment,4,0,9.0,98.0,4
282.8486396550512,Private,2,0,9.0,88.0,1
1130.691537974832,Apartment,4,0,8.0,96.0,3
669.7443348252995,Apartment,2,0,10.0,95.0,1
233.63719447894456,Private,2,0,9.0,97.0,1
636.7023644927707,Apartment,2,0,10.0,98.0,1
552.808567478265,Apartment,4,0,9.0,87.0,2
368.8514986056758,Private,2,0,10.0,99.0,1
855.3417852037588,Apartment,6,1,10.0,100.0,1
675.8371804185317,Apartment,4,1,10.0,100.0,1
243.2451432990416,Private,2,0,9.0,89.0,1
391.8168396878589,Private,2,1,9.0,89.0,0
491.64577133081815,Apartment,2,0,9.0,92.0,2
549.5278044665246,Private,3,1,8.0,83.0,0
422.7497480842688,Private,4,0,9.0,90.0,1
438.9192229278467,Private,2,0,10.0,95.0,1
368.8514986056758,Apartment,2,0,10.0,97.0,1
602.0200126543716,Apartment,4,0,9.0,96.0,2
280.03655707355944,Private,2,0,10.0,96.0,1
447.5898108874465,Private,2,1,9.0,93.0,0
362.5243127973192,Private,4,0,9.0,96.0,1
191.6902959716917,Private,2,0,9.0,94.0,1
626.625735242425,Private,2,0,10.0,100.0,1
409.39235582218265,Private,2,0,9.0,100.0,1
271.600309329084,Private,2,0,10.0,100.0,1
345.417477093244,Private,2,0,10.0,98.0,1
387.1300353853725,Apartment,2,0,9.0,95.0,0
737.2343167811028,Private,4,0,10.0,100.0,2
765.5894828111453,Apartment,4,0,9.0,95.0,3
307.22002202798024,Private,2,0,10.0,99.0,1
1179.6686429358142,Apartment,4,0,10.0,100.0,2
657.3243034237106,Private,4,1,9.0,73.0,2
620.7672298643171,Private,4,1,10.0,95.0,2
618.1894874979496,Private,4,1,10.0,93.0,2
409.39235582218265,Apartment,2,0,9.0,94.0,2
507.5809059592717,Private,3,0,9.0,97.0,2
392.0511799029832,Apartment,2,0,9.0,90.0,1
737.2343167811028,Apartment,4,0,8.0,88.0,1
501.2537201509151,Private,2,0,10.0,96.0,0
700.442903006585,Apartment,4,0,9.0,93.0,2
399.5500667869613,Private,2,0,9.0,88.0,0
300.8928362196237,Private,2,0,9.0,89.0,1
722.7052234433952,Apartment,4,0,8.0,76.0,3
306.04832095235867,Private,2,0,9.0,81.0,1
678.4149227848992,Apartment,4,0,10.0,97.0,2
418.0629437817825,Apartment,2,0,10.0,94.0,0
482.9751833712184,Apartment,2,0,9.0,93.0,1
1542.4272959482578,Apartment,4,0,10.0,100.0,2
968.29376889368,Apartment,6,1,9.0,97.0,2
767.9328849623885,Apartment,4,0,9.0,90.0,1
272.53767018958126,Private,2,0,10.0,99.0,1
624.2823330911818,Apartment,4,0,9.0,87.0,2
1179.6686429358142,Apartment,4,0,10.0,97.0,3
602.254352869496,Apartment,3,0,9.0,96.0,2
358.7748693553301,Private,2,0,9.0,95.0,1
943.6880463056266,Apartment,4,0,10.0,92.0,1
313.3128676212125,Private,4,0,10.0,94.0,1
452.2766151899328,Private,2,0,10.0,99.0,1
241.1360813629227,Private,2,0,10.0,92.0,0
393.4572211937291,Private,2,0,10.0,100.0,1
526.0937829540928,Apartment,3,0,8.0,86.0,3
704.1923464485741,Apartment,4,0,9.0,100.0,3
712.6285941930495,Apartment,4,0,10.0,97.0,2
553.0429076933893,Private,4,0,10.0,100.0,2
497.7386169240504,Private,3,0,10.0,100.0,0
356.4314672040869,Apartment,2,0,10.0,93.0,0
1167.2486115342256,Apartment,4,0,10.0,98.0,2
860.2629297213696,Apartment,4,0,10.0,95.0,2
276.52145384669467,Private,2,0,10.0,96.0,1
1450.331591404401,Apartment,5,0,10.0,100.0,2
436.10714034635487,Private,2,0,9.0,92.0,1
362.5243127973192,Private,2,0,10.0,98.0,1
1804.1853162421205,Apartment,6,0,9.0,94.0,3
423.9214491598904,Private,2,1,10.0,100.0,0
521.1726384364821,Private,3,1,9.0,86.0,0
491.64577133081815,Apartment,3,0,9.0,99.0,2
374.944344198908,Private,2,1,9.0,82.0,0
718.9557800014061,Apartment,2,0,9.0,97.0,1
301.127176434748,Private,2,0,10.0,96.0,1
277.69315492231624,Private,2,0,10.0,97.0,1
331.8257446160336,Private,2,0,10.0,96.0,1
228.71604996133388,Private,2,0,10.0,90.0,1
798.6314531436741,Apartment,4,0,10.0,98.0,3
228.71604996133388,Private,2,0,10.0,96.0,1
239.4956998570525,Private,2,0,9.0,93.0,1
301.127176434748,Private,2,0,10.0,92.0,1
577.4142900663184,Private,3,0,10.0,98.0,2
368.8514986056758,Apartment,2,0,10.0,98.0,1
363.4616736578165,Private,2,0,10.0,94.0,1
387.1300353853725,Private,2,0,10.0,99.0,1
331.8257446160336,Private,2,0,10.0,99.0,1
774.2600707707451,Apartment,4,0,10.0,100.0,3
337.91859020926586,Private,2,0,10.0,99.0,1
270.4286082534624,Private,2,0,10.0,99.0,1
280.03655707355944,Private,2,0,10.0,93.0,1
798.6314531436741,Apartment,4,0,9.0,98.0,4
743.5615025894595,Apartment,2,0,10.0,98.0,1
288.7071450331592,Private,2,0,8.0,75.0,1
384.7866332341293,Apartment,2,0,10.0,98.0,1
878.7758067161907,Private,4,0,9.0,88.0,1
1567.0330185363111,Apartment,3,0,10.0,100.0,0
614.4400440559605,Private,2,0,10.0,99.0,1
337.6842499941415,Apartment,2,0,10.0,100.0,1
489.30236917957495,Apartment,2,0,8.0,93.0,1
764.4177817355237,Private,4,0,10.0,94.0,2
196.6114404893024,Private,2,0,9.0,94.0,1
1044.6886790242074,Apartment,4,0,8.0,91.0,2
394.3945820542264,Apartment,2,0,10.0,90.0,1
721.5335223677736,Apartment,4,0,9.0,96.0,2
556.5580109202541,Private,4,0,7.0,82.0,1
762.0743795842806,Private,2,0,10.0,90.0,1
337.91859020926586,Private,2,0,10.0,96.0,1
890.9614979026552,Apartment,4,0,10.0,98.0,2
410.5640568978043,Private,4,1,9.0,91.0,1
1429.2409720432124,Apartment,3,0,10.0,98.0,2
175.75516134323811,Private,2,0,10.0,95.0,1
280.03655707355944,Private,2,0,9.0,96.0,1
386.8956951702482,Apartment,2,0,10.0,97.0,0
522.3443395121037,Apartment,4,0,9.0,100.0,1
196.6114404893024,Private,2,0,9.0,92.0,1
288.7071450331592,Private,2,0,9.0,98.0,1
921.6600660839408,Apartment,4,0,10.0,95.0,2
362.5243127973192,Apartment,4,1,10.0,100.0,2
734.8909146298597,Apartment,2,0,9.0,97.0,1
393.4572211937291,Apartment,2,0,7.0,75.0,1
531.9522883322007,Apartment,4,0,10.0,92.0,3
295.2686710566401,Private,2,0,10.0,100.0,1
368.8514986056758,Private,2,0,9.0,87.0,0
196.6114404893024,Private,2,0,10.0,90.0,1
276.2871136315703,Private,2,0,10.0,93.0,1
378.6937876408971,Apartment,2,0,10.0,99.0,1
510.1586483256392,Private,2,0,10.0,100.0,1
700.442903006585,Apartment,4,0,10.0,96.0,2
381.0371897921403,Private,2,0,10.0,96.0,1
209.03147189089125,Private,2,0,10.0,98.0,1
1032.502987837743,Apartment,2,0,9.0,98.0,1
491.64577133081815,Private,4,1,9.0,91.0,1
284.95770159117006,Private,2,0,10.0,96.0,1
325.498558807677,Private,2,0,10.0,93.0,1
337.91859020926586,Private,2,0,9.0,93.0,1
1002.9761207320788,Apartment,5,0,10.0,97.0,1
571.3214444730861,Apartment,2,0,10.0,100.0,1
215.12431748412348,Private,2,0,10.0,99.0,1
970.8715112600474,Apartment,2,0,10.0,98.0,1
405.4085721650693,Private,2,0,10.0,94.0,1
393.4572211937291,Apartment,2,0,10.0,100.0,1
909.4743748974762,Apartment,4,0,9.0,97.0,2
657.3243034237106,Apartment,4,0,10.0,100.0,2
288.7071450331592,Shared,3,0,10.0,95.0,1
393.4572211937291,Apartment,2,0,9.0,96.0,1
1892.531577343988,Apartment,6,0,10.0,98.0,3
372.3666018325405,Private,2,0,10.0,98.0,1
583.9758160897992,Private,2,0,10.0,100.0,1
613.0340027652146,Apartment,4,1,10.0,91.0,3
348.93258032010874,Private,2,0,10.0,98.0,1
306.04832095235867,Private,3,0,10.0,97.0,1
276.2871136315703,Private,2,0,6.0,70.0,1
774.7287512009937,Apartment,4,0,9.0,89.0,2
568.9780423218428,Apartment,4,1,8.0,91.0,3
489.30236917957495,Apartment,2,0,10.0,100.0,1
1259.578656293207,Apartment,2,0,8.0,81.0,1
497.50427670892606,Apartment,2,0,10.0,99.0,1
1166.3112506737282,Apartment,4,0,10.0,99.0,2
632.9529210507816,Private,4,0,9.0,80.0,2
1072.8095048391256,Private,4,1,9.0,88.0,2
255.43083448550607,Private,2,0,8.0,87.0,1
337.91859020926586,Private,2,0,10.0,96.0,1
221.45150329248003,Private,2,1,10.0,92.0,1
253.3217725493872,Private,2,1,9.0,91.0,1
253.3217725493872,Private,2,1,9.0,88.0,1
253.3217725493872,Private,2,1,10.0,95.0,1
393.4572211937291,Private,2,1,10.0,90.0,0
504.06580273240695,Apartment,2,0,9.0,95.0,1
399.5500667869613,Private,2,1,10.0,94.0,0
1296.604410282849,Apartment,4,0,10.0,98.0,3
907.130972746233,Apartment,4,0,10.0,100.0,2
344.2457760176224,Private,2,0,10.0,92.0,1
539.2168350010546,Private,4,1,10.0,96.0,1
814.800927987252,Apartment,2,0,10.0,99.0,1
614.4400440559605,Apartment,5,0,9.0,90.0,3
1413.3058374147588,Apartment,4,0,8.0,88.0,3
796.2880509924308,Apartment,4,0,10.0,100.0,2
467.0400487427648,Private,4,0,9.0,95.0,2
346.5891781688656,Apartment,2,0,9.0,96.0,1
344.2457760176224,Private,2,0,10.0,100.0,1
438.9192229278467,Apartment,2,0,9.0,96.0,1
2058.2101094368804,Apartment,4,0,10.0,100.0,2
276.2871136315703,Private,2,0,10.0,96.0,1
602.0200126543716,Apartment,4,0,9.0,94.0,0
337.91859020926586,Private,3,0,10.0,97.0,1
589.8343214679071,Apartment,3,0,8.0,97.0,0
424.1557893750147,Apartment,3,0,9.0,94.0,1
430.24863496824696,Private,2,1,9.0,88.0,1
410.5640568978043,Private,2,0,10.0,100.0,0
546.7157218850327,Apartment,2,0,9.0,96.0,1
430.24863496824696,Private,2,1,9.0,88.0,1
774.2600707707451,Apartment,4,0,10.0,100.0,1
577.4142900663184,Apartment,4,0,10.0,96.0,2
792.7729477655661,Private,3,0,10.0,98.0,1
454.8543575563003,Private,4,0,9.0,88.0,2
228.71604996133388,Private,2,0,10.0,99.0,1
221.2171630773557,Private,2,0,9.0,96.0,1
405.4085721650693,Private,2,1,9.0,88.0,0
405.4085721650693,Private,2,1,8.0,92.0,0
642.5608698708786,Apartment,4,1,9.0,93.0,3
618.1894874979496,Apartment,4,0,8.0,90.0,2
268.0852061022192,Private,2,0,10.0,97.0,1
299.72113514400206,Apartment,2,1,10.0,100.0,1
470.7894921847538,Apartment,2,1,10.0,100.0,1
385.4896538795023,Apartment,2,1,10.0,100.0,1
428.13957303212806,Apartment,2,1,10.0,100.0,1
342.6053945117522,Apartment,2,1,10.0,100.0,1
342.6053945117522,Apartment,2,1,10.0,99.0,1
393.4572211937291,Private,2,0,10.0,94.0,1
467.0400487427648,Apartment,4,0,9.0,93.0,1
417.8286035666581,Apartment,2,0,10.0,100.0,1
688.0228716049962,Apartment,2,0,10.0,100.0,1
417.8286035666581,Private,4,0,10.0,95.0,1
786.4457619572096,Private,4,0,9.0,95.0,1
1007.6629250345652,Private,2,0,10.0,100.0,1
264.33576266023016,Private,2,0,10.0,100.0,1
551.6368664026434,Private,4,1,10.0,100.0,1
442.66866636983576,Apartment,3,0,9.0,94.0,3
390.8794788273616,Private,2,0,9.0,100.0,1
1075.387247205493,Apartment,4,0,9.0,95.0,2
307.22002202798024,Apartment,2,0,10.0,98.0,1
651.2314578304783,Apartment,4,0,10.0,91.0,2
546.7157218850327,Apartment,2,0,10.0,98.0,2
675.6028402034074,Apartment,4,0,8.0,93.0,2
321.74911536568794,Private,2,0,10.0,91.0,1
921.6600660839408,Apartment,3,0,10.0,100.0,1
209.03147189089125,Private,2,0,9.0,97.0,1
388.3017364609941,Private,2,0,10.0,99.0,0
725.0486255946383,Private,4,0,10.0,97.0,2
255.6651747006304,Private,2,0,9.0,97.0,1
245.82288566540907,Private,2,0,10.0,98.0,1
797.6940922831768,Apartment,4,0,10.0,95.0,2
299.72113514400206,Apartment,2,1,10.0,93.0,1
651.2314578304783,Apartment,4,0,6.0,65.0,2
528.437185105336,Private,2,0,4.0,47.0,1
254.4934736250088,Private,2,0,9.0,93.0,1
177.16120263398403,Private,3,1,8.0,92.0,1
576.2425889906967,Apartment,4,1,10.0,85.0,1
1290.2772244744922,Apartment,4,0,10.0,100.0,2
144.82225294682823,Private,2,1,9.0,85.0,1
501.48806036603946,Apartment,2,0,9.0,95.0,1
468.4460900335107,Apartment,2,0,10.0,100.0,1
459.77550207391096,Private,2,0,10.0,100.0,1
405.6429123801936,Apartment,2,0,10.0,100.0,1
624.2823330911818,Apartment,2,0,10.0,97.0,1
504.06580273240695,Apartment,3,0,10.0,100.0,3
768.1672251775128,Apartment,4,0,10.0,98.0,2
306.04832095235867,Private,2,0,9.0,93.0,1
497.7386169240504,Apartment,2,0,9.0,97.0,0
325.498558807677,Private,4,1,8.0,88.0,1
737.2343167811028,Apartment,4,0,9.0,96.0,2
287.7697841726619,Private,2,0,10.0,98.0,1
952.5929744803508,Apartment,3,1,10.0,100.0,3
254.2591334098845,Private,2,0,10.0,100.0,1
250.5096899678954,Private,2,0,10.0,96.0,1
378.6937876408971,Apartment,2,0,10.0,99.0,1
205.2820284489021,Private,3,0,9.0,85.0,1
1259.578656293207,Apartment,4,0,9.0,92.0,2
258.0085768518736,Private,2,0,10.0,94.0,1
288.7071450331592,Apartment,2,0,9.0,90.0,0
375.8817050594053,Apartment,2,0,6.0,80.0,1
371.1949007569189,Private,2,1,9.0,78.0,0
958.4514798584586,Apartment,6,1,9.0,96.0,3
196.6114404893024,Apartment,2,0,10.0,94.0,1
370.0231996812973,Private,2,0,10.0,96.0,1
280.03655707355944,Private,2,0,9.0,95.0,1
814.5665877721276,Private,4,0,9.0,86.0,1
786.4457619572096,Apartment,4,0,10.0,100.0,2
313.3128676212125,Private,2,0,10.0,100.0,1
789.9608651840744,Apartment,5,1,8.0,93.0,2
356.4314672040869,Apartment,2,0,10.0,96.0,0
276.2871136315703,Private,2,0,8.0,93.0,1
144.82225294682823,Private,4,1,9.0,80.0,1
995.4772338481008,Apartment,4,0,7.0,84.0,2
1019.8486162210298,Apartment,4,0,9.0,100.0,2
363.6960138729408,Private,2,0,10.0,95.0,0
295.2686710566401,Private,4,0,9.0,94.0,1
639.0457666440138,Apartment,4,0,10.0,96.0,2
367.44545731492985,Private,2,0,10.0,100.0,1
362.5243127973192,Private,2,0,10.0,99.0,1
504.06580273240695,Apartment,2,0,10.0,100.0,0
691.537974831861,Apartment,4,0,9.0,93.0,2
362.5243127973192,Apartment,2,0,10.0,92.0,1
201.53258500691305,Private,2,0,9.0,95.0,1
330.4197033252877,Private,2,0,10.0,99.0,1
572.727485763832,Private,4,0,10.0,96.0,1
425.0931502355119,Apartment,2,0,9.0,98.0,1
651.2314578304783,Apartment,2,0,10.0,97.0,1
362.5243127973192,Apartment,2,0,7.0,80.0,1
423.9214491598904,Apartment,3,0,10.0,90.0,1
540.6228762918005,Private,4,0,9.0,95.0,1
374.944344198908,Private,2,0,9.0,92.0,1
424.1557893750147,Private,2,0,10.0,95.0,1
442.4343261547114,Apartment,3,0,9.0,93.0,1
411.73575797342585,Private,2,0,10.0,95.0,1
430.24863496824696,Private,2,0,9.0,93.0,1
614.4400440559605,Apartment,4,0,8.0,83.0,3
405.6429123801936,Apartment,2,0,10.0,100.0,1
950.0152321139832,Private,4,0,9.0,85.0,1
342.8397347268765,Private,2,0,10.0,99.0,1
256.836875776252,Private,3,0,8.0,83.0,1
319.40571321444475,Private,2,0,7.0,87.0,1
410.5640568978043,Apartment,2,0,10.0,100.0,0
700.442903006585,Apartment,4,0,10.0,98.0,1
245.82288566540907,Private,2,0,9.0,90.0,0
534.7643709136926,Apartment,4,0,10.0,97.0,2
571.3214444730861,Apartment,4,0,9.0,100.0,0
356.4314672040869,Private,2,0,10.0,98.0,1
1041.173575797343,Apartment,2,0,10.0,95.0,1
768.6359056077614,Apartment,4,0,10.0,97.0,2
342.6053945117522,Apartment,2,1,10.0,95.0,1
430.24863496824696,Apartment,2,0,8.0,100.0,1
210.2031729665128,Private,2,0,8.0,88.0,1
301.127176434748,Private,2,0,9.0,90.0,1
841.7500527265485,Apartment,6,0,9.0,98.0,2
614.4400440559605,Apartment,4,0,10.0,100.0,2
702.0832845124553,Apartment,4,0,8.0,92.0,1
380.5685093618917,Private,2,0,9.0,94.0,1
313.3128676212125,Private,2,0,10.0,90.0,1
337.91859020926586,Apartment,2,0,10.0,100.0,1
288.7071450331592,Private,2,0,10.0,87.0,1
199.89220350104284,Private,2,0,9.0,95.0,1
344.2457760176224,Private,2,0,10.0,80.0,1
282.8486396550512,Private,2,0,10.0,100.0,1
276.2871136315703,Private,2,1,9.0,93.0,1
251.91573125864133,Private,2,1,8.0,85.0,1
405.6429123801936,Apartment,3,0,10.0,97.0,1
283.7860005155485,Private,2,0,10.0,99.0,0
356.4314672040869,Private,4,0,9.0,96.0,2
244.4168443746632,Private,2,1,9.0,88.0,1
320.81175450519066,Private,2,0,9.0,88.0,1
645.3729524523704,Private,2,1,10.0,100.0,1
1714.4330138495068,Private,4,0,8.0,100.0,4
564.0568978042322,Private,2,0,10.0,100.0,2
940.1729430787618,Apartment,4,0,9.0,100.0,2
465.63400745201886,Private,4,0,10.0,91.0,2
368.8514986056758,Private,3,0,10.0,100.0,1
491.64577133081815,Apartment,2,0,9.0,94.0,0
177.16120263398403,Private,2,0,10.0,94.0,1
391.8168396878589,Private,2,1,10.0,94.0,0
443.606027230333,Apartment,2,0,9.0,96.0,1
565.2285988798538,Apartment,4,0,9.0,85.0,2
921.6600660839408,Apartment,4,0,8.0,90.0,1
950.0152321139832,Private,4,0,8.0,85.0,1
694.5843976284771,Apartment,2,0,9.0,95.0,1
313.3128676212125,Private,3,0,10.0,96.0,2
517.4231949944931,Private,4,0,10.0,98.0,2
288.7071450331592,Private,4,0,10.0,97.0,1
300.8928362196237,Private,2,0,10.0,91.0,1
479.4600801443536,Private,4,0,10.0,98.0,2
640.4518079347597,Apartment,2,0,6.0,80.0,1
1066.4823190307688,Apartment,4,0,8.0,100.0,3
496.5669158484288,Apartment,2,0,10.0,98.0,1
420.4063459330256,Private,2,0,9.0,96.0,1
359.9465704309517,Private,2,0,10.0,98.0,0
421.34370679352287,Apartment,2,0,10.0,100.0,1
540.6228762918005,Apartment,2,0,7.0,92.0,1
251.91573125864133,Private,2,0,10.0,99.0,1
305.8139807372343,Private,2,0,9.0,84.0,1
1228.880088111921,Apartment,2,0,10.0,100.0,2
645.3729524523704,Private,2,1,10.0,90.0,1
645.3729524523704,Private,2,1,10.0,100.0,1
613.7370234105875,Private,4,0,10.0,100.0,2
245.82288566540907,Private,2,0,9.0,92.0,1
589.8343214679071,Apartment,2,0,10.0,100.0,1
534.5300306985682,Apartment,3,0,10.0,100.0,2
1348.6279380404471,Apartment,6,1,10.0,97.0,2
464.4623063763973,Private,4,0,9.0,93.0,0
356.4314672040869,Private,2,0,10.0,100.0,1
387.1300353853725,Private,2,0,10.0,99.0,1
387.1300353853725,Private,2,0,10.0,97.0,1
304.64227966161275,Private,2,0,10.0,97.0,1
491.64577133081815,Apartment,2,0,8.0,90.0,1
1348.6279380404471,Apartment,6,0,10.0,98.0,2
254.4934736250088,Private,2,0,10.0,94.0,1
473.132894335997,Apartment,4,0,10.0,100.0,0
274.1780516954515,Private,2,0,9.0,97.0,1
647.4820143884892,Apartment,3,1,10.0,100.0,1
342.6053945117522,Apartment,2,1,10.0,88.0,1
632.9529210507816,Apartment,4,0,9.0,93.0,2
511.5646896163851,Private,4,1,9.0,96.0,1
354.32240526796807,Private,2,1,10.0,100.0,1
535.7017317741899,Apartment,2,0,8.0,92.0,1
271.8346495442083,Private,2,0,10.0,99.0,1
798.6314531436741,Apartment,4,0,10.0,95.0,2
325.498558807677,Apartment,2,0,10.0,96.0,1
673.4937782672885,Apartment,4,0,8.0,80.0,2
699.0368617158391,Apartment,4,1,10.0,95.0,3
282.8486396550512,Private,2,0,9.0,94.0,1
491.64577133081815,Private,2,0,10.0,100.0,2
361.3526117216976,Apartment,2,0,10.0,96.0,0
331.8257446160336,Private,2,0,10.0,100.0,1
331.8257446160336,Private,2,0,10.0,90.0,1
1199.5875612213813,Apartment,6,1,10.0,98.0,3
422.7497480842688,Private,2,0,8.0,92.0,0
319.6400534295691,Private,2,0,10.0,99.0,1
606.0037963114851,Apartment,6,0,10.0,94.0,3
351.04164225622765,Apartment,2,1,10.0,100.0,1
682.8673868722612,Apartment,4,1,10.0,84.0,1
675.8371804185317,Apartment,4,0,8.0,93.0,2
552.808567478265,Apartment,4,0,9.0,100.0,3
233.63719447894456,Private,2,0,10.0,99.0,1
361.1182715065733,Apartment,4,1,10.0,100.0,2
476.8823377779861,Private,4,1,10.0,92.0,2
403.0651700138261,Apartment,2,0,9.0,91.0,1
669.7443348252995,Apartment,4,0,10.0,96.0,3
622.876291800436,Apartment,4,0,9.0,97.0,2
454.8543575563003,Private,2,0,10.0,98.0,1
258.2429170669979,Private,2,0,8.0,97.0,1
639.9831275045111,Apartment,4,1,10.0,100.0,2
297.6120732078832,Apartment,2,1,10.0,100.0,1
309.56342417922343,Private,4,0,10.0,100.0,2
307.22002202798024,Private,2,0,9.0,97.0,0
281.4425983643053,Private,2,0,10.0,90.0,1
339.0902912848874,Private,2,0,10.0,100.0,1
279.09919621306216,Private,2,0,9.0,90.0,1
245.5885454502848,Private,2,0,9.0,85.0,1
921.6600660839408,Apartment,4,0,10.0,100.0,2
458.369460783165,Apartment,4,0,8.0,87.0,2
313.3128676212125,Private,2,0,9.0,80.0,1
315.89060998758,Private,2,0,9.0,97.0,1
699.0368617158391,Private,3,1,10.0,95.0,1
397.2066646357181,Apartment,2,0,10.0,100.0,1
504.06580273240695,Private,4,0,10.0,91.0,1
653.5748599817215,Apartment,2,1,10.0,100.0,1
258.2429170669979,Private,2,0,9.0,84.0,1
398.1440254962154,Private,2,0,10.0,89.0,1
798.6314531436741,Apartment,4,0,10.0,97.0,1
304.8766198767371,Private,4,1,9.0,94.0,1
449.46453260844095,Private,4,1,10.0,96.0,1
303.00189815574254,Private,2,1,4.0,80.0,1
292.45658847514824,Private,2,0,10.0,100.0,1
306.04832095235867,Apartment,2,0,9.0,95.0,1
403.0651700138261,Private,2,0,10.0,99.0,1
387.1300353853725,Private,2,0,10.0,100.0,1
250.74403018301973,Private,2,0,10.0,95.0,1
274.1780516954515,Private,2,0,9.0,86.0,1
447.5898108874465,Private,2,0,10.0,100.0,1
366.5080964544326,Private,2,0,10.0,99.0,1
426.0305110960092,Apartment,2,0,10.0,100.0,1
467.0400487427648,Private,2,0,10.0,94.0,1
1198.1815199306354,Apartment,4,0,10.0,100.0,2
161.9290886509034,Private,2,0,9.0,84.0,1
550.4651653270219,Apartment,2,0,10.0,98.0,1
522.3443395121037,Apartment,2,0,9.0,100.0,1
764.4177817355237,Apartment,4,0,10.0,100.0,2
602.0200126543716,Apartment,2,0,7.0,80.0,1
245.82288566540907,Private,2,0,10.0,94.0,1
298.78377428350484,Private,2,0,8.0,89.0,1
221.2171630773557,Private,2,0,7.0,80.0,1
940.1729430787618,Private,4,1,10.0,80.0,2
417.8286035666581,Apartment,4,0,8.0,100.0,2
649.1223958943594,Apartment,4,0,10.0,100.0,3
952.5929744803508,Apartment,4,0,10.0,88.0,1
215.12431748412348,Private,2,0,9.0,89.0,1
274.1780516954515,Private,2,0,10.0,100.0,1
325.498558807677,Private,4,0,9.0,87.0,2
447.3554706723221,Private,2,0,10.0,93.0,1
1348.6279380404471,Apartment,6,0,10.0,100.0,2
636.7023644927707,Private,4,0,9.0,90.0,2
566.6346401705997,Apartment,4,0,6.0,60.0,2
256.836875776252,Private,2,0,10.0,92.0,1
196.6114404893024,Private,2,0,9.0,80.0,1
234.57455533944184,Private,2,0,10.0,97.0,1
378.6937876408971,Private,2,0,10.0,60.0,1
264.33576266023016,Private,2,0,10.0,80.0,1
128.88711831837463,Apartment,2,0,10.0,100.0,1
274.1780516954515,Private,2,0,10.0,100.0,1
485.5529257375859,Apartment,2,0,10.0,90.0,1
340.49633257563335,Private,2,0,10.0,88.0,0
814.5665877721276,Private,4,0,8.0,80.0,1
288.7071450331592,Private,2,0,9.0,100.0,0
713.8002952686711,Apartment,4,1,10.0,100.0,1
405.4085721650693,Private,2,0,10.0,100.0,1
786.4457619572096,Apartment,4,1,10.0,93.0,2
718.9557800014061,Apartment,4,0,9.0,92.0,2
405.6429123801936,Apartment,2,0,8.0,100.0,1
258.0085768518736,Private,2,0,10.0,98.0,1
823.4715159468517,Apartment,4,0,10.0,99.0,3
761.8400393691562,Apartment,4,1,9.0,80.0,0
531.9522883322007,Apartment,4,0,10.0,100.0,1
295.0343308415157,Private,2,0,10.0,100.0,1
921.6600660839408,Apartment,4,0,10.0,100.0,2
289.64450589365646,Apartment,4,0,10.0,100.0,2
539.2168350010546,Private,3,0,10.0,100.0,1
773.0883696951234,Apartment,4,0,10.0,100.0,2
307.22002202798024,Private,2,0,10.0,97.0,1
307.22002202798024,Private,2,0,10.0,98.0,1
288.7071450331592,Private,2,0,8.0,80.0,1
467.0400487427648,Apartment,2,0,10.0,100.0,1
552.808567478265,Private,4,0,8.0,95.0,2
921.6600660839408,Apartment,4,0,10.0,100.0,2
614.4400440559605,Apartment,4,0,10.0,100.0,3
423.9214491598904,Apartment,2,0,10.0,100.0,0
626.3913950273006,Apartment,4,0,10.0,100.0,1
737.2343167811028,Apartment,4,0,9.0,93.0,1
198.9548426405456,Private,2,0,10.0,98.0,1
282.6142994399269,Private,2,0,10.0,96.0,1
467.0400487427648,Apartment,4,0,10.0,100.0,1
411.5014177583016,Private,4,0,10.0,97.0,1
811.0514845452628,Apartment,4,0,9.0,96.0,2
614.4400440559605,Apartment,3,0,7.0,90.0,2
270.4286082534624,Private,2,0,10.0,100.0,1
276.52145384669467,Private,2,0,10.0,100.0,1
258.2429170669979,Private,2,0,10.0,100.0,1
384.7866332341293,Apartment,2,1,10.0,100.0,1
728.7980690366275,Apartment,4,0,10.0,100.0,2
387.1300353853725,Apartment,2,0,8.0,80.0,0
233.63719447894456,Private,2,0,6.0,20.0,1
1301.2912145853352,Apartment,4,0,10.0,100.0,2
436.10714034635487,Apartment,3,0,10.0,100.0,1
393.4572211937291,Apartment,2,0,10.0,100.0,1
515.5484732734985,Apartment,2,0,10.0,100.0,1
225.66962716471772,Private,2,0,10.0,80.0,1
209.03147189089125,Private,2,0,6.0,60.0,1
393.9259016239777,Private,4,1,10.0,100.0,1
504.06580273240695,Apartment,4,0,10.0,98.0,2
350.33862161085466,Private,2,0,10.0,93.0,1
221.2171630773557,Private,3,0,10.0,100.0,1
258.0085768518736,Private,2,0,10.0,100.0,1
430.24863496824696,Apartment,4,0,9.0,90.0,2
405.6429123801936,Apartment,2,0,10.0,100.0,1
669.7443348252995,Apartment,4,0,8.0,100.0,1
540.6228762918005,Apartment,3,0,10.0,100.0,2
1044.6886790242074,Apartment,4,0,9.0,90.0,1
215.12431748412348,Private,2,0,10.0,96.0,1
258.0085768518736,Private,2,0,10.0,100.0,1
201.53258500691305,Private,3,0,10.0,100.0,1
368.8514986056758,Apartment,2,0,10.0,100.0,1
217.70205985049097,Private,2,0,10.0,100.0,1
1388.7001148267054,Apartment,6,0,10.0,100.0,2
409.39235582218265,Apartment,4,0,10.0,93.0,2
196.6114404893024,Private,2,0,10.0,96.0,1
589.8343214679071,Apartment,2,0,10.0,98.0,1
356.4314672040869,Private,2,0,10.0,95.0,0
682.1643662268882,Apartment,4,0,8.0,92.0,2
356.4314672040869,Apartment,2,0,10.0,97.0,1
1049.3754833266937,Apartment,4,0,9.0,95.0,2
952.3586342652264,Apartment,4,0,10.0,98.0,2
454.8543575563003,Apartment,3,0,9.0,92.0,1
823.4715159468517,Apartment,2,0,10.0,96.0,1
737.2343167811028,Apartment,4,0,10.0,99.0,3
1714.4330138495068,Apartment,3,0,10.0,95.0,1
919.0823237175732,Apartment,2,0,9.0,96.0,1
227.310008670588,Private,2,0,10.0,97.0,1
539.4511752161789,Apartment,2,0,10.0,95.0,1
366.2737562393083,Private,2,0,10.0,97.0,1
657.3243034237106,Apartment,4,0,10.0,93.0,2
218.63942071098825,Private,2,0,8.0,87.0,1
1013.9901108429218,Apartment,4,0,9.0,91.0,1
307.22002202798024,Private,2,0,10.0,97.0,1
319.40571321444475,Private,3,0,10.0,95.0,1
786.4457619572096,Apartment,2,0,9.0,96.0,1
614.4400440559605,Private,3,0,9.0,93.0,1
934.0800974855296,Apartment,4,0,9.0,94.0,2
282.8486396550512,Private,4,0,9.0,94.0,2
233.63719447894456,Private,2,0,10.0,98.0,1
233.63719447894456,Private,2,0,10.0,96.0,1
540.6228762918005,Apartment,2,0,10.0,96.0,1
653.8092001968458,Apartment,2,0,10.0,99.0,1
1005.0851826681976,Apartment,4,0,9.0,97.0,3
522.3443395121037,Private,2,0,9.0,94.0,1
245.82288566540907,Private,2,0,10.0,96.0,1
614.4400440559605,Apartment,4,0,10.0,93.0,2
390.6451386122373,Apartment,2,0,9.0,94.0,1
442.4343261547114,Private,2,0,9.0,95.0,1
556.7923511353783,Apartment,2,0,10.0,98.0,1
374.944344198908,Apartment,4,0,10.0,93.0,2
460.7128629344082,Apartment,4,0,9.0,91.0,1
264.1014224451058,Apartment,2,0,9.0,98.0,2
399.5500667869613,Apartment,4,0,10.0,97.0,1
432.3576969043658,Private,3,0,10.0,92.0,1
393.4572211937291,Private,2,0,9.0,93.0,1
1474.9373139924544,Apartment,4,0,9.0,96.0,2
228.71604996133388,Private,2,0,9.0,92.0,1
393.4572211937291,Private,3,0,10.0,94.0,1
651.2314578304783,Apartment,4,0,9.0,97.0,2
7782.907224708832,Apartment,6,0,10.0,100.0,3
319.6400534295691,Private,4,0,10.0,91.0,1
390.8794788273616,Apartment,2,0,10.0,91.0,0
552.808567478265,Apartment,2,0,9.0,93.0,1
935.0174583460268,Apartment,4,0,8.0,86.0,2
192.8619970473133,Shared,4,0,8.0,84.0,1
276.2871136315703,Private,2,1,8.0,83.0,1
262.92972136948424,Private,2,0,10.0,95.0,1
546.7157218850327,Apartment,2,0,10.0,97.0,1
312.1411665455909,Private,2,0,10.0,93.0,1
368.6171583905514,Apartment,2,0,10.0,97.0,1
782.4619783000961,Apartment,4,0,10.0,96.0,1
344.2457760176224,Private,2,0,10.0,96.0,1
430.24863496824696,Apartment,2,0,10.0,98.0,1
940.1729430787618,Apartment,4,0,10.0,96.0,3
325.498558807677,Private,2,0,9.0,94.0,2
841.9843929416728,Apartment,4,0,10.0,98.0,3
309.7977643943477,Private,2,0,10.0,94.0,0
399.31572657183705,Apartment,2,0,10.0,96.0,1
953.7646755559722,Private,4,0,9.0,93.0,1
504.06580273240695,Private,2,0,10.0,93.0,1
264.1014224451058,Private,4,1,9.0,86.0,1
332.0600848311579,Private,2,0,10.0,99.0,1
332.0600848311579,Private,2,0,10.0,99.0,1
218.8737609261125,Private,2,0,10.0,98.0,1
356.4314672040869,Private,2,0,10.0,95.0,1
491.64577133081815,Apartment,2,0,10.0,95.0,1
454.8543575563003,Apartment,3,0,10.0,99.0,2
329.4823424647904,Private,2,0,10.0,96.0,0
702.7863051578282,Apartment,2,1,10.0,94.0,1
307.22002202798024,Apartment,3,0,9.0,94.0,1
230.82511189745276,Private,2,0,9.0,89.0,1
504.06580273240695,Apartment,3,0,10.0,97.0,1
209.03147189089125,Private,2,0,8.0,100.0,1
442.66866636983576,Private,2,0,10.0,93.0,1
334.16914676727674,Private,2,0,10.0,100.0,1
1148.7357345394043,Apartment,4,0,9.0,96.0,2
1167.2486115342256,Apartment,4,0,10.0,98.0,3
288.7071450331592,Private,3,0,10.0,98.0,1
184.4257493028379,Private,2,1,9.0,88.0,1
372.3666018325405,Apartment,2,0,9.0,90.0,1
640.4518079347597,Apartment,2,0,9.0,93.0,1
304.8766198767371,Private,4,1,8.0,85.0,1
313.3128676212125,Apartment,2,0,9.0,95.0,1
209.03147189089125,Shared,2,0,9.0,94.0,1
475.4762964872402,Private,2,0,10.0,96.0,1
546.7157218850327,Apartment,2,0,9.0,96.0,1
227.310008670588,Private,2,0,10.0,92.0,1
749.4200079675674,Apartment,2,0,9.0,93.0,1
310.735125254845,Apartment,2,0,9.0,90.0,1
431.4203360438685,Private,2,0,10.0,96.0,1
275.34975277107304,Private,2,0,9.0,87.0,1
261.75802029386267,Private,2,0,10.0,100.0,1
196.6114404893024,Private,2,0,8.0,84.0,1
1474.9373139924544,Apartment,3,0,10.0,98.0,2
293.6282895507698,Private,3,0,8.0,86.0,0
497.7386169240504,Apartment,2,1,9.0,91.0,1
312.1411665455909,Private,2,0,10.0,97.0,1
280.03655707355944,Private,2,0,10.0,97.0,1
675.6028402034074,Apartment,2,0,10.0,100.0,1
682.1643662268882,Apartment,4,0,9.0,92.0,2
946.0314484568696,Apartment,6,0,9.0,94.0,2
192.8619970473133,Private,2,0,9.0,94.0,1
538.2794741405573,Apartment,2,0,9.0,95.0,1
1576.640967356408,Apartment,6,0,10.0,100.0,3
439.8565837883439,Apartment,3,0,9.0,97.0,1
658.7303447144565,Apartment,4,0,8.0,88.0,2
218.8737609261125,Private,2,0,10.0,96.0,1
921.6600660839408,Apartment,4,0,10.0,100.0,2
315.89060998758,Private,2,0,10.0,96.0,1
509.9243081105149,Apartment,2,0,9.0,90.0,1
899.6320858622549,Apartment,4,0,9.0,95.0,1
245.5885454502848,Private,2,0,10.0,89.0,1
386.8956951702482,Apartment,2,0,9.0,88.0,1
1155.2972605628852,Apartment,4,0,9.0,92.0,2
242.07344222342,Private,2,0,9.0,94.0,1
188.17519274482692,Private,2,0,8.0,83.0,1
355.25976612846534,Private,3,0,9.0,93.0,0
549.5278044665246,Apartment,2,0,9.0,94.0,1
894.7109413446442,Private,4,0,10.0,94.0,2
784.1023598059663,Apartment,4,0,9.0,89.0,2
737.2343167811028,Apartment,4,0,10.0,95.0,3
373.5383029081621,Private,2,0,10.0,97.0,1
405.6429123801936,Private,2,0,10.0,97.0,1
798.6314531436741,Apartment,2,0,10.0,96.0,1
264.33576266023016,Private,2,0,10.0,98.0,1
1941.5086823049703,Apartment,2,0,10.0,100.0,1
1450.097251189277,Apartment,2,0,10.0,99.0,1
796.2880509924308,Apartment,2,0,10.0,99.0,1
442.66866636983576,Apartment,4,0,9.0,89.0,2
734.8909146298597,Apartment,4,0,10.0,95.0,2
540.6228762918005,Apartment,2,0,10.0,97.0,1
712.8629344081738,Apartment,4,0,10.0,100.0,2
884.8686523094229,Apartment,4,0,10.0,100.0,2
264.1014224451058,Private,2,0,10.0,99.0,1
538.5138143556816,Apartment,4,0,10.0,96.0,2
442.66866636983576,Private,2,0,10.0,98.0,1
378.4594474257728,Apartment,3,0,9.0,87.0,1
524.6877416633469,Private,2,0,9.0,98.0,1
319.6400534295691,Private,2,0,10.0,99.0,1
221.2171630773557,Private,2,0,10.0,99.0,1
351.51032268647623,Private,2,0,10.0,98.0,1
847.8428983197807,Private,2,0,10.0,100.0,1
337.6842499941415,Private,4,0,9.0,92.0,1
233.63719447894456,Private,2,0,9.0,93.0,1
237.85531835118223,Private,2,0,9.0,90.0,1
965.0130058819396,Apartment,2,0,10.0,98.0,1
388.06739624586976,Apartment,2,0,10.0,90.0,2
381.0371897921403,Apartment,2,0,10.0,96.0,1
360.18091064607603,Private,2,0,10.0,98.0,1
358.7748693553301,Private,2,0,10.0,96.0,0
194.03369812293488,Private,2,0,10.0,87.0,1
755.9815339910483,Apartment,4,0,9.0,96.0,3
316.82797084807726,Private,2,0,10.0,98.0,1
768.1672251775128,Apartment,4,0,10.0,98.0,3
307.22002202798024,Private,2,1,10.0,96.0,1
276.2871136315703,Apartment,2,0,10.0,98.0,1
1437.9115600028122,Apartment,6,1,9.0,96.0,3
1062.967215803904,Apartment,4,0,9.0,92.0,2
584.9131769502965,Apartment,4,0,10.0,93.0,1
571.5557846882103,Apartment,4,1,9.0,92.0,1
167.3189135987627,Private,2,0,8.0,87.0,1
792.7729477655661,Apartment,4,0,10.0,98.0,2
909.4743748974762,Apartment,4,0,8.0,86.0,2
228.71604996133388,Private,3,0,10.0,98.0,1
378.6937876408971,Apartment,2,0,9.0,83.0,1
295.0343308415157,Private,2,1,8.0,86.0,1
356.1971269889626,Private,4,0,10.0,95.0,1
2486.1153422538846,Apartment,2,0,10.0,100.0,1
233.63719447894456,Private,2,0,10.0,90.0,1
317.0623110632016,Private,2,0,10.0,92.0,1
1812.8559042017205,Apartment,4,0,8.0,84.0,5
258.0085768518736,Shared,2,0,8.0,90.0,1
